aspect_code,q_no,aspect_text,aspect_short,degree_label,region_continent,high_stress_group,high_stress_label,n,mean_score,aspect_order
v074_num,Q27.a,How satisfied are you with each of the following attributes or aspects of your degree? Availability of funding         [numeric],Availability of funding,Doctorate,Africa,0,Non-high-stress,45,4.155555555555556,0
v074_num,Q27.a,How satisfied are you with each of the following attributes or aspects of your degree? Availability of funding         [numeric],Availability of funding,Doctorate,Africa,1,High-stress,11,4.090909090909091,0
v074_num,Q27.a,How satisfied are you with each of the following attributes or aspects of your degree? Availability of funding         [numeric],Availability of funding,Doctorate,Asia,0,Non-high-stress,260,3.3615384615384616,0
v074_num,Q27.a,How satisfied are you with each of the following attributes or aspects of your degree? Availability of funding         [numeric],Availability of funding,Doctorate,Asia,1,High-stress,217,3.806451612903226,0
v074_num,Q27.a,How satisfied are you with each of the following attributes or aspects of your degree? Availability of funding         [numeric],Availability of funding,Doctorate,Australasia,0,Non-high-stress,75,4.213333333333333,0
v074_num,Q27.a,How satisfied are you with each of the following attributes or aspects of your degree? Availability of funding         [numeric],Availability of funding,Doctorate,Australasia,1,High-stress,36,3.4722222222222223,0
v074_num,Q27.a,How satisfied are you with each of the following attributes or aspects of your degree? Availability of funding         [numeric],Availability of funding,Doctorate,Europe,0,Non-high-stress,527,3.836812144212524,0
v074_num,Q27.a,How satisfied are you with each of the following attributes or aspects of your degree? Availability of funding         [numeric],Availability of funding,Doctorate,Europe,1,High-stress,368,3.932065217391304,0
v074_num,Q27.a,How satisfied are you with each of the following attributes or aspects of your degree? Availability of funding         [numeric],Availability of funding,Doctorate,North/Central America,0,Non-high-stress,466,3.671673819742489,0
v074_num,Q27.a,How satisfied are you with each of the following attributes or aspects of your degree? Availability of funding         [numeric],Availability of funding,Doctorate,North/Central America,1,High-stress,323,3.6656346749226008,0
v074_num,Q27.a,How satisfied are you with each of the following attributes or aspects of your degree? Availability of funding         [numeric],Availability of funding,Doctorate,South America,0,Non-high-stress,89,4.089887640449438,0
v074_num,Q27.a,How satisfied are you with each of the following attributes or aspects of your degree? Availability of funding         [numeric],Availability of funding,Doctorate,South America,1,High-stress,30,4.466666666666667,0
v074_num,Q27.a,How satisfied are you with each of the following attributes or aspects of your degree? Availability of funding         [numeric],Availability of funding,Dual degree,Asia,0,Non-high-stress,3,3.6666666666666665,0
v074_num,Q27.a,How satisfied are you with each of the following attributes or aspects of your degree? Availability of funding         [numeric],Availability of funding,Dual degree,Asia,1,High-stress,2,3.0,0
v074_num,Q27.a,How satisfied are you with each of the following attributes or aspects of your degree? Availability of funding         [numeric],Availability of funding,Dual degree,Europe,0,Non-high-stress,15,5.2,0
v074_num,Q27.a,How satisfied are you with each of the following attributes or aspects of your degree? Availability of funding         [numeric],Availability of funding,Dual degree,Europe,1,High-stress,7,4.571428571428571,0
v074_num,Q27.a,How satisfied are you with each of the following attributes or aspects of your degree? Availability of funding         [numeric],Availability of funding,Dual degree,North/Central America,0,Non-high-stress,12,3.3333333333333335,0
v074_num,Q27.a,How satisfied are you with each of the following attributes or aspects of your degree? Availability of funding         [numeric],Availability of funding,Dual degree,North/Central America,1,High-stress,8,4.375,0
v074_num,Q27.a,How satisfied are you with each of the following attributes or aspects of your degree? Availability of funding         [numeric],Availability of funding,Dual degree,South America,0,Non-high-stress,2,2.0,0
v074_num,Q27.a,How satisfied are you with each of the following attributes or aspects of your degree? Availability of funding         [numeric],Availability of funding,Master's,Africa,0,Non-high-stress,38,4.2105263157894735,0
v074_num,Q27.a,How satisfied are you with each of the following attributes or aspects of your degree? Availability of funding         [numeric],Availability of funding,Master's,Africa,1,High-stress,11,4.909090909090909,0
v074_num,Q27.a,How satisfied are you with each of the following attributes or aspects of your degree? Availability of funding         [numeric],Availability of funding,Master's,Asia,0,Non-high-stress,217,3.4608294930875574,0
v074_num,Q27.a,How satisfied are you with each of the following attributes or aspects of your degree? Availability of funding         [numeric],Availability of funding,Master's,Asia,1,High-stress,91,3.4285714285714284,0
v074_num,Q27.a,How satisfied are you with each of the following attributes or aspects of your degree? Availability of funding         [numeric],Availability of funding,Master's,Australasia,0,Non-high-stress,8,4.625,0
v074_num,Q27.a,How satisfied are you with each of the following attributes or aspects of your degree? Availability of funding         [numeric],Availability of funding,Master's,Australasia,1,High-stress,2,5.5,0
v074_num,Q27.a,How satisfied are you with each of the following attributes or aspects of your degree? Availability of funding         [numeric],Availability of funding,Master's,Europe,0,Non-high-stress,170,4.341176470588235,0
v074_num,Q27.a,How satisfied are you with each of the following attributes or aspects of your degree? Availability of funding         [numeric],Availability of funding,Master's,Europe,1,High-stress,59,4.389830508474576,0
v074_num,Q27.a,How satisfied are you with each of the following attributes or aspects of your degree? Availability of funding         [numeric],Availability of funding,Master's,North/Central America,0,Non-high-stress,88,3.7954545454545454,0
v074_num,Q27.a,How satisfied are you with each of the following attributes or aspects of your degree? Availability of funding         [numeric],Availability of funding,Master's,North/Central America,1,High-stress,20,4.1,0
v074_num,Q27.a,How satisfied are you with each of the following attributes or aspects of your degree? Availability of funding         [numeric],Availability of funding,Master's,South America,0,Non-high-stress,43,4.116279069767442,0
v074_num,Q27.a,How satisfied are you with each of the following attributes or aspects of your degree? Availability of funding         [numeric],Availability of funding,Master's,South America,1,High-stress,9,4.777777777777778,0
v075_num,Q27.b,How satisfied are you with each of the following attributes or aspects of your degree? Hours worked [numeric],Hours worked,Doctorate,Africa,0,Non-high-stress,45,3.533333333333333,1
v075_num,Q27.b,How satisfied are you with each of the following attributes or aspects of your degree? Hours worked [numeric],Hours worked,Doctorate,Africa,1,High-stress,11,3.272727272727273,1
v075_num,Q27.b,How satisfied are you with each of the following attributes or aspects of your degree? Hours worked [numeric],Hours worked,Doctorate,Asia,0,Non-high-stress,260,3.223076923076923,1
v075_num,Q27.b,How satisfied are you with each of the following attributes or aspects of your degree? Hours worked [numeric],Hours worked,Doctorate,Asia,1,High-stress,217,3.9815668202764978,1
v075_num,Q27.b,How satisfied are you with each of the following attributes or aspects of your degree? Hours worked [numeric],Hours worked,Doctorate,Australasia,0,Non-high-stress,75,2.9466666666666668,1
v075_num,Q27.b,How satisfied are you with each of the following attributes or aspects of your degree? Hours worked [numeric],Hours worked,Doctorate,Australasia,1,High-stress,36,2.9166666666666665,1
v075_num,Q27.b,How satisfied are you with each of the following attributes or aspects of your degree? Hours worked [numeric],Hours worked,Doctorate,Europe,0,Non-high-stress,527,3.189753320683112,1
v075_num,Q27.b,How satisfied are you with each of the following attributes or aspects of your degree? Hours worked [numeric],Hours worked,Doctorate,Europe,1,High-stress,368,4.043478260869565,1
v075_num,Q27.b,How satisfied are you with each of the following attributes or aspects of your degree? Hours worked [numeric],Hours worked,Doctorate,North/Central America,0,Non-high-stress,466,2.9334763948497855,1
v075_num,Q27.b,How satisfied are you with each of the following attributes or aspects of your degree? Hours worked [numeric],Hours worked,Doctorate,North/Central America,1,High-stress,323,3.6625386996904026,1
v075_num,Q27.b,How satisfied are you with each of the following attributes or aspects of your degree? Hours worked [numeric],Hours worked,Doctorate,South America,0,Non-high-stress,89,3.258426966292135,1
v075_num,Q27.b,How satisfied are you with each of the following attributes or aspects of your degree? Hours worked [numeric],Hours worked,Doctorate,South America,1,High-stress,30,4.166666666666667,1
v075_num,Q27.b,How satisfied are you with each of the following attributes or aspects of your degree? Hours worked [numeric],Hours worked,Dual degree,Asia,0,Non-high-stress,3,4.666666666666667,1
v075_num,Q27.b,How satisfied are you with each of the following attributes or aspects of your degree? Hours worked [numeric],Hours worked,Dual degree,Asia,1,High-stress,2,3.0,1
v075_num,Q27.b,How satisfied are you with each of the following attributes or aspects of your degree? Hours worked [numeric],Hours worked,Dual degree,Europe,0,Non-high-stress,15,3.0,1
v075_num,Q27.b,How satisfied are you with each of the following attributes or aspects of your degree? Hours worked [numeric],Hours worked,Dual degree,Europe,1,High-stress,7,3.142857142857143,1
v075_num,Q27.b,How satisfied are you with each of the following attributes or aspects of your degree? Hours worked [numeric],Hours worked,Dual degree,North/Central America,0,Non-high-stress,12,2.9166666666666665,1
v075_num,Q27.b,How satisfied are you with each of the following attributes or aspects of your degree? Hours worked [numeric],Hours worked,Dual degree,North/Central America,1,High-stress,8,3.5,1
v075_num,Q27.b,How satisfied are you with each of the following attributes or aspects of your degree? Hours worked [numeric],Hours worked,Dual degree,South America,0,Non-high-stress,2,3.5,1
v075_num,Q27.b,How satisfied are you with each of the following attributes or aspects of your degree? Hours worked [numeric],Hours worked,Master's,Africa,0,Non-high-stress,38,3.526315789473684,1
v075_num,Q27.b,How satisfied are you with each of the following attributes or aspects of your degree? Hours worked [numeric],Hours worked,Master's,Africa,1,High-stress,11,3.727272727272727,1
v075_num,Q27.b,How satisfied are you with each of the following attributes or aspects of your degree? Hours worked [numeric],Hours worked,Master's,Asia,0,Non-high-stress,217,2.8525345622119818,1
v075_num,Q27.b,How satisfied are you with each of the following attributes or aspects of your degree? Hours worked [numeric],Hours worked,Master's,Asia,1,High-stress,91,3.4505494505494507,1
v075_num,Q27.b,How satisfied are you with each of the following attributes or aspects of your degree? Hours worked [numeric],Hours worked,Master's,Australasia,0,Non-high-stress,8,2.5,1
v075_num,Q27.b,How satisfied are you with each of the following attributes or aspects of your degree? Hours worked [numeric],Hours worked,Master's,Australasia,1,High-stress,2,3.5,1
v075_num,Q27.b,How satisfied are you with each of the following attributes or aspects of your degree? Hours worked [numeric],Hours worked,Master's,Europe,0,Non-high-stress,170,2.947058823529412,1
v075_num,Q27.b,How satisfied are you with each of the following attributes or aspects of your degree? Hours worked [numeric],Hours worked,Master's,Europe,1,High-stress,59,3.4745762711864407,1
v075_num,Q27.b,How satisfied are you with each of the following attributes or aspects of your degree? Hours worked [numeric],Hours worked,Master's,North/Central America,0,Non-high-stress,88,2.9204545454545454,1
v075_num,Q27.b,How satisfied are you with each of the following attributes or aspects of your degree? Hours worked [numeric],Hours worked,Master's,North/Central America,1,High-stress,20,3.5,1
v075_num,Q27.b,How satisfied are you with each of the following attributes or aspects of your degree? Hours worked [numeric],Hours worked,Master's,South America,0,Non-high-stress,43,3.302325581395349,1
v075_num,Q27.b,How satisfied are you with each of the following attributes or aspects of your degree? Hours worked [numeric],Hours worked,Master's,South America,1,High-stress,9,3.3333333333333335,1
v076_num,Q27.c,How satisfied are you with each of the following attributes or aspects of your degree? Social environment [numeric],Social environment,Doctorate,Africa,0,Non-high-stress,45,3.4444444444444446,2
v076_num,Q27.c,How satisfied are you with each of the following attributes or aspects of your degree? Social environment [numeric],Social environment,Doctorate,Africa,1,High-stress,11,3.727272727272727,2
v076_num,Q27.c,How satisfied are you with each of the following attributes or aspects of your degree? Social environment [numeric],Social environment,Doctorate,Asia,0,Non-high-stress,260,2.923076923076923,2
v076_num,Q27.c,How satisfied are you with each of the following attributes or aspects of your degree? Social environment [numeric],Social environment,Doctorate,Asia,1,High-stress,217,4.124423963133641,2
v076_num,Q27.c,How satisfied are you with each of the following attributes or aspects of your degree? Social environment [numeric],Social environment,Doctorate,Australasia,0,Non-high-stress,75,3.0,2
v076_num,Q27.c,How satisfied are you with each of the following attributes or aspects of your degree? Social environment [numeric],Social environment,Doctorate,Australasia,1,High-stress,36,3.6666666666666665,2
v076_num,Q27.c,How satisfied are you with each of the following attributes or aspects of your degree? Social environment [numeric],Social environment,Doctorate,Europe,0,Non-high-stress,527,3.0777988614800758,2
v076_num,Q27.c,How satisfied are you with each of the following attributes or aspects of your degree? Social environment [numeric],Social environment,Doctorate,Europe,1,High-stress,368,3.529891304347826,2
v076_num,Q27.c,How satisfied are you with each of the following attributes or aspects of your degree? Social environment [numeric],Social environment,Doctorate,North/Central America,0,Non-high-stress,466,3.1759656652360513,2
v076_num,Q27.c,How satisfied are you with each of the following attributes or aspects of your degree? Social environment [numeric],Social environment,Doctorate,North/Central America,1,High-stress,323,3.7492260061919507,2
v076_num,Q27.c,How satisfied are you with each of the following attributes or aspects of your degree? Social environment [numeric],Social environment,Doctorate,South America,0,Non-high-stress,89,3.5280898876404496,2
v076_num,Q27.c,How satisfied are you with each of the following attributes or aspects of your degree? Social environment [numeric],Social environment,Doctorate,South America,1,High-stress,30,3.3,2
v076_num,Q27.c,How satisfied are you with each of the following attributes or aspects of your degree? Social environment [numeric],Social environment,Dual degree,Asia,0,Non-high-stress,3,2.6666666666666665,2
v076_num,Q27.c,How satisfied are you with each of the following attributes or aspects of your degree? Social environment [numeric],Social environment,Dual degree,Asia,1,High-stress,2,1.5,2
v076_num,Q27.c,How satisfied are you with each of the following attributes or aspects of your degree? Social environment [numeric],Social environment,Dual degree,Europe,0,Non-high-stress,15,3.2666666666666666,2
v076_num,Q27.c,How satisfied are you with each of the following attributes or aspects of your degree? Social environment [numeric],Social environment,Dual degree,Europe,1,High-stress,7,3.4285714285714284,2
v076_num,Q27.c,How satisfied are you with each of the following attributes or aspects of your degree? Social environment [numeric],Social environment,Dual degree,North/Central America,0,Non-high-stress,12,3.6666666666666665,2
v076_num,Q27.c,How satisfied are you with each of the following attributes or aspects of your degree? Social environment [numeric],Social environment,Dual degree,North/Central America,1,High-stress,8,3.625,2
v076_num,Q27.c,How satisfied are you with each of the following attributes or aspects of your degree? Social environment [numeric],Social environment,Dual degree,South America,0,Non-high-stress,2,2.5,2
v076_num,Q27.c,How satisfied are you with each of the following attributes or aspects of your degree? Social environment [numeric],Social environment,Master's,Africa,0,Non-high-stress,38,3.289473684210526,2
v076_num,Q27.c,How satisfied are you with each of the following attributes or aspects of your degree? Social environment [numeric],Social environment,Master's,Africa,1,High-stress,11,4.454545454545454,2
v076_num,Q27.c,How satisfied are you with each of the following attributes or aspects of your degree? Social environment [numeric],Social environment,Master's,Asia,0,Non-high-stress,217,3.193548387096774,2
v076_num,Q27.c,How satisfied are you with each of the following attributes or aspects of your degree? Social environment [numeric],Social environment,Master's,Asia,1,High-stress,91,3.4285714285714284,2
v076_num,Q27.c,How satisfied are you with each of the following attributes or aspects of your degree? Social environment [numeric],Social environment,Master's,Australasia,0,Non-high-stress,8,6.0,2
v076_num,Q27.c,How satisfied are you with each of the following attributes or aspects of your degree? Social environment [numeric],Social environment,Master's,Australasia,1,High-stress,2,4.0,2
v076_num,Q27.c,How satisfied are you with each of the following attributes or aspects of your degree? Social environment [numeric],Social environment,Master's,Europe,0,Non-high-stress,170,2.8823529411764706,2
v076_num,Q27.c,How satisfied are you with each of the following attributes or aspects of your degree? Social environment [numeric],Social environment,Master's,Europe,1,High-stress,59,3.1016949152542375,2
v076_num,Q27.c,How satisfied are you with each of the following attributes or aspects of your degree? Social environment [numeric],Social environment,Master's,North/Central America,0,Non-high-stress,88,3.3863636363636362,2
v076_num,Q27.c,How satisfied are you with each of the following attributes or aspects of your degree? Social environment [numeric],Social environment,Master's,North/Central America,1,High-stress,20,3.65,2
v076_num,Q27.c,How satisfied are you with each of the following attributes or aspects of your degree? Social environment [numeric],Social environment,Master's,South America,0,Non-high-stress,43,2.7906976744186047,2
v076_num,Q27.c,How satisfied are you with each of the following attributes or aspects of your degree? Social environment [numeric],Social environment,Master's,South America,1,High-stress,9,2.7777777777777777,2
v077_num,Q27.d,How satisfied are you with each of the following attributes or aspects of your degree? Degree of independence [numeric],Degree of independence,Doctorate,Africa,0,Non-high-stress,45,2.9555555555555557,3
v077_num,Q27.d,How satisfied are you with each of the following attributes or aspects of your degree? Degree of independence [numeric],Degree of independence,Doctorate,Africa,1,High-stress,11,4.0,3
v077_num,Q27.d,How satisfied are you with each of the following attributes or aspects of your degree? Degree of independence [numeric],Degree of independence,Doctorate,Asia,0,Non-high-stress,260,2.6615384615384614,3
v077_num,Q27.d,How satisfied are you with each of the following attributes or aspects of your degree? Degree of independence [numeric],Degree of independence,Doctorate,Asia,1,High-stress,217,3.6129032258064515,3
v077_num,Q27.d,How satisfied are you with each of the following attributes or aspects of your degree? Degree of independence [numeric],Degree of independence,Doctorate,Australasia,0,Non-high-stress,75,2.1466666666666665,3
v077_num,Q27.d,How satisfied are you with each of the following attributes or aspects of your degree? Degree of independence [numeric],Degree of independence,Doctorate,Australasia,1,High-stress,36,2.9444444444444446,3
v077_num,Q27.d,How satisfied are you with each of the following attributes or aspects of your degree? Degree of independence [numeric],Degree of independence,Doctorate,Europe,0,Non-high-stress,527,2.3130929791271346,3
v077_num,Q27.d,How satisfied are you with each of the following attributes or aspects of your degree? Degree of independence [numeric],Degree of independence,Doctorate,Europe,1,High-stress,368,2.7880434782608696,3
v077_num,Q27.d,How satisfied are you with each of the following attributes or aspects of your degree? Degree of independence [numeric],Degree of independence,Doctorate,North/Central America,0,Non-high-stress,466,2.407725321888412,3
v077_num,Q27.d,How satisfied are you with each of the following attributes or aspects of your degree? Degree of independence [numeric],Degree of independence,Doctorate,North/Central America,1,High-stress,323,2.780185758513932,3
v077_num,Q27.d,How satisfied are you with each of the following attributes or aspects of your degree? Degree of independence [numeric],Degree of independence,Doctorate,South America,0,Non-high-stress,89,2.662921348314607,3
v077_num,Q27.d,How satisfied are you with each of the following attributes or aspects of your degree? Degree of independence [numeric],Degree of independence,Doctorate,South America,1,High-stress,30,3.033333333333333,3
v077_num,Q27.d,How satisfied are you with each of the following attributes or aspects of your degree? Degree of independence [numeric],Degree of independence,Dual degree,Asia,0,Non-high-stress,3,2.3333333333333335,3
v077_num,Q27.d,How satisfied are you with each of the following attributes or aspects of your degree? Degree of independence [numeric],Degree of independence,Dual degree,Asia,1,High-stress,2,3.5,3
v077_num,Q27.d,How satisfied are you with each of the following attributes or aspects of your degree? Degree of independence [numeric],Degree of independence,Dual degree,Europe,0,Non-high-stress,15,3.0,3
v077_num,Q27.d,How satisfied are you with each of the following attributes or aspects of your degree? Degree of independence [numeric],Degree of independence,Dual degree,Europe,1,High-stress,7,3.0,3
v077_num,Q27.d,How satisfied are you with each of the following attributes or aspects of your degree? Degree of independence [numeric],Degree of independence,Dual degree,North/Central America,0,Non-high-stress,12,3.0,3
v077_num,Q27.d,How satisfied are you with each of the following attributes or aspects of your degree? Degree of independence [numeric],Degree of independence,Dual degree,North/Central America,1,High-stress,8,2.75,3
v077_num,Q27.d,How satisfied are you with each of the following attributes or aspects of your degree? Degree of independence [numeric],Degree of independence,Dual degree,South America,0,Non-high-stress,2,3.5,3
v077_num,Q27.d,How satisfied are you with each of the following attributes or aspects of your degree? Degree of independence [numeric],Degree of independence,Master's,Africa,0,Non-high-stress,38,2.8157894736842106,3
v077_num,Q27.d,How satisfied are you with each of the following attributes or aspects of your degree? Degree of independence [numeric],Degree of independence,Master's,Africa,1,High-stress,11,4.2727272727272725,3
v077_num,Q27.d,How satisfied are you with each of the following attributes or aspects of your degree? Degree of independence [numeric],Degree of independence,Master's,Asia,0,Non-high-stress,217,3.1152073732718892,3
v077_num,Q27.d,How satisfied are you with each of the following attributes or aspects of your degree? Degree of independence [numeric],Degree of independence,Master's,Asia,1,High-stress,91,3.5714285714285716,3
v077_num,Q27.d,How satisfied are you with each of the following attributes or aspects of your degree? Degree of independence [numeric],Degree of independence,Master's,Australasia,0,Non-high-stress,8,2.5,3
v077_num,Q27.d,How satisfied are you with each of the following attributes or aspects of your degree? Degree of independence [numeric],Degree of independence,Master's,Australasia,1,High-stress,2,5.0,3
v077_num,Q27.d,How satisfied are you with each of the following attributes or aspects of your degree? Degree of independence [numeric],Degree of independence,Master's,Europe,0,Non-high-stress,170,2.3117647058823527,3
v077_num,Q27.d,How satisfied are you with each of the following attributes or aspects of your degree? Degree of independence [numeric],Degree of independence,Master's,Europe,1,High-stress,59,2.440677966101695,3
v077_num,Q27.d,How satisfied are you with each of the following attributes or aspects of your degree? Degree of independence [numeric],Degree of independence,Master's,North/Central America,0,Non-high-stress,88,2.3636363636363638,3
v077_num,Q27.d,How satisfied are you with each of the following attributes or aspects of your degree? Degree of independence [numeric],Degree of independence,Master's,North/Central America,1,High-stress,20,2.95,3
v077_num,Q27.d,How satisfied are you with each of the following attributes or aspects of your degree? Degree of independence [numeric],Degree of independence,Master's,South America,0,Non-high-stress,43,2.4651162790697674,3
v077_num,Q27.d,How satisfied are you with each of the following attributes or aspects of your degree? Degree of independence [numeric],Degree of independence,Master's,South America,1,High-stress,9,3.5555555555555554,3
v078_num,Q27.e,How satisfied are you with each of the following attributes or aspects of your degree? Recognition from supervisor [numeric],Recognition from supervisor,Doctorate,Africa,0,Non-high-stress,45,2.7777777777777777,4
v078_num,Q27.e,How satisfied are you with each of the following attributes or aspects of your degree? Recognition from supervisor [numeric],Recognition from supervisor,Doctorate,Africa,1,High-stress,11,3.727272727272727,4
v078_num,Q27.e,How satisfied are you with each of the following attributes or aspects of your degree? Recognition from supervisor [numeric],Recognition from supervisor,Doctorate,Asia,0,Non-high-stress,260,2.9115384615384614,4
v078_num,Q27.e,How satisfied are you with each of the following attributes or aspects of your degree? Recognition from supervisor [numeric],Recognition from supervisor,Doctorate,Asia,1,High-stress,217,4.027649769585254,4
v078_num,Q27.e,How satisfied are you with each of the following attributes or aspects of your degree? Recognition from supervisor [numeric],Recognition from supervisor,Doctorate,Australasia,0,Non-high-stress,75,2.36,4
v078_num,Q27.e,How satisfied are you with each of the following attributes or aspects of your degree? Recognition from supervisor [numeric],Recognition from supervisor,Doctorate,Australasia,1,High-stress,36,3.7777777777777777,4
v078_num,Q27.e,How satisfied are you with each of the following attributes or aspects of your degree? Recognition from supervisor [numeric],Recognition from supervisor,Doctorate,Europe,0,Non-high-stress,527,2.8804554079696394,4
v078_num,Q27.e,How satisfied are you with each of the following attributes or aspects of your degree? Recognition from supervisor [numeric],Recognition from supervisor,Doctorate,Europe,1,High-stress,368,3.7989130434782608,4
v078_num,Q27.e,How satisfied are you with each of the following attributes or aspects of your degree? Recognition from supervisor [numeric],Recognition from supervisor,Doctorate,North/Central America,0,Non-high-stress,466,3.040772532188841,4
v078_num,Q27.e,How satisfied are you with each of the following attributes or aspects of your degree? Recognition from supervisor [numeric],Recognition from supervisor,Doctorate,North/Central America,1,High-stress,323,3.668730650154799,4
v078_num,Q27.e,How satisfied are you with each of the following attributes or aspects of your degree? Recognition from supervisor [numeric],Recognition from supervisor,Doctorate,South America,0,Non-high-stress,89,2.651685393258427,4
v078_num,Q27.e,How satisfied are you with each of the following attributes or aspects of your degree? Recognition from supervisor [numeric],Recognition from supervisor,Doctorate,South America,1,High-stress,30,3.2333333333333334,4
v078_num,Q27.e,How satisfied are you with each of the following attributes or aspects of your degree? Recognition from supervisor [numeric],Recognition from supervisor,Dual degree,Asia,0,Non-high-stress,3,5.333333333333333,4
v078_num,Q27.e,How satisfied are you with each of the following attributes or aspects of your degree? Recognition from supervisor [numeric],Recognition from supervisor,Dual degree,Asia,1,High-stress,2,4.0,4
v078_num,Q27.e,How satisfied are you with each of the following attributes or aspects of your degree? Recognition from supervisor [numeric],Recognition from supervisor,Dual degree,Europe,0,Non-high-stress,15,2.2,4
v078_num,Q27.e,How satisfied are you with each of the following attributes or aspects of your degree? Recognition from supervisor [numeric],Recognition from supervisor,Dual degree,Europe,1,High-stress,7,3.142857142857143,4
v078_num,Q27.e,How satisfied are you with each of the following attributes or aspects of your degree? Recognition from supervisor [numeric],Recognition from supervisor,Dual degree,North/Central America,0,Non-high-stress,12,2.6666666666666665,4
v078_num,Q27.e,How satisfied are you with each of the following attributes or aspects of your degree? Recognition from supervisor [numeric],Recognition from supervisor,Dual degree,North/Central America,1,High-stress,8,4.25,4
v078_num,Q27.e,How satisfied are you with each of the following attributes or aspects of your degree? Recognition from supervisor [numeric],Recognition from supervisor,Dual degree,South America,0,Non-high-stress,2,3.5,4
v078_num,Q27.e,How satisfied are you with each of the following attributes or aspects of your degree? Recognition from supervisor [numeric],Recognition from supervisor,Master's,Africa,0,Non-high-stress,38,2.6842105263157894,4
v078_num,Q27.e,How satisfied are you with each of the following attributes or aspects of your degree? Recognition from supervisor [numeric],Recognition from supervisor,Master's,Africa,1,High-stress,11,3.8181818181818183,4
v078_num,Q27.e,How satisfied are you with each of the following attributes or aspects of your degree? Recognition from supervisor [numeric],Recognition from supervisor,Master's,Asia,0,Non-high-stress,217,3.133640552995392,4
v078_num,Q27.e,How satisfied are you with each of the following attributes or aspects of your degree? Recognition from supervisor [numeric],Recognition from supervisor,Master's,Asia,1,High-stress,91,3.769230769230769,4
v078_num,Q27.e,How satisfied are you with each of the following attributes or aspects of your degree? Recognition from supervisor [numeric],Recognition from supervisor,Master's,Australasia,0,Non-high-stress,8,3.875,4
v078_num,Q27.e,How satisfied are you with each of the following attributes or aspects of your degree? Recognition from supervisor [numeric],Recognition from supervisor,Master's,Australasia,1,High-stress,2,4.0,4
v078_num,Q27.e,How satisfied are you with each of the following attributes or aspects of your degree? Recognition from supervisor [numeric],Recognition from supervisor,Master's,Europe,0,Non-high-stress,170,3.735294117647059,4
v078_num,Q27.e,How satisfied are you with each of the following attributes or aspects of your degree? Recognition from supervisor [numeric],Recognition from supervisor,Master's,Europe,1,High-stress,59,3.711864406779661,4
v078_num,Q27.e,How satisfied are you with each of the following attributes or aspects of your degree? Recognition from supervisor [numeric],Recognition from supervisor,Master's,North/Central America,0,Non-high-stress,88,3.034090909090909,4
v078_num,Q27.e,How satisfied are you with each of the following attributes or aspects of your degree? Recognition from supervisor [numeric],Recognition from supervisor,Master's,North/Central America,1,High-stress,20,3.5,4
v078_num,Q27.e,How satisfied are you with each of the following attributes or aspects of your degree? Recognition from supervisor [numeric],Recognition from supervisor,Master's,South America,0,Non-high-stress,43,2.7674418604651163,4
v078_num,Q27.e,How satisfied are you with each of the following attributes or aspects of your degree? Recognition from supervisor [numeric],Recognition from supervisor,Master's,South America,1,High-stress,9,2.4444444444444446,4
v079_num,Q27.f,How satisfied are you with each of the following attributes or aspects of your degree? Overall relationship with supervisor [numeric],Overall relationship with supervisor,Doctorate,Africa,0,Non-high-stress,45,2.5555555555555554,5
v079_num,Q27.f,How satisfied are you with each of the following attributes or aspects of your degree? Overall relationship with supervisor [numeric],Overall relationship with supervisor,Doctorate,Africa,1,High-stress,11,3.1818181818181817,5
v079_num,Q27.f,How satisfied are you with each of the following attributes or aspects of your degree? Overall relationship with supervisor [numeric],Overall relationship with supervisor,Doctorate,Asia,0,Non-high-stress,260,2.75,5
v079_num,Q27.f,How satisfied are you with each of the following attributes or aspects of your degree? Overall relationship with supervisor [numeric],Overall relationship with supervisor,Doctorate,Asia,1,High-stress,217,3.8433179723502304,5
v079_num,Q27.f,How satisfied are you with each of the following attributes or aspects of your degree? Overall relationship with supervisor [numeric],Overall relationship with supervisor,Doctorate,Australasia,0,Non-high-stress,75,2.2666666666666666,5
v079_num,Q27.f,How satisfied are you with each of the following attributes or aspects of your degree? Overall relationship with supervisor [numeric],Overall relationship with supervisor,Doctorate,Australasia,1,High-stress,36,3.611111111111111,5
v079_num,Q27.f,How satisfied are you with each of the following attributes or aspects of your degree? Overall relationship with supervisor [numeric],Overall relationship with supervisor,Doctorate,Europe,0,Non-high-stress,527,2.652751423149905,5
v079_num,Q27.f,How satisfied are you with each of the following attributes or aspects of your degree? Overall relationship with supervisor [numeric],Overall relationship with supervisor,Doctorate,Europe,1,High-stress,368,3.516304347826087,5
v079_num,Q27.f,How satisfied are you with each of the following attributes or aspects of your degree? Overall relationship with supervisor [numeric],Overall relationship with supervisor,Doctorate,North/Central America,0,Non-high-stress,466,2.800429184549356,5
v079_num,Q27.f,How satisfied are you with each of the following attributes or aspects of your degree? Overall relationship with supervisor [numeric],Overall relationship with supervisor,Doctorate,North/Central America,1,High-stress,323,3.390092879256966,5
v079_num,Q27.f,How satisfied are you with each of the following attributes or aspects of your degree? Overall relationship with supervisor [numeric],Overall relationship with supervisor,Doctorate,South America,0,Non-high-stress,89,2.640449438202247,5
v079_num,Q27.f,How satisfied are you with each of the following attributes or aspects of your degree? Overall relationship with supervisor [numeric],Overall relationship with supervisor,Doctorate,South America,1,High-stress,30,3.2666666666666666,5
v079_num,Q27.f,How satisfied are you with each of the following attributes or aspects of your degree? Overall relationship with supervisor [numeric],Overall relationship with supervisor,Dual degree,Asia,0,Non-high-stress,3,2.6666666666666665,5
v079_num,Q27.f,How satisfied are you with each of the following attributes or aspects of your degree? Overall relationship with supervisor [numeric],Overall relationship with supervisor,Dual degree,Asia,1,High-stress,2,3.0,5
v079_num,Q27.f,How satisfied are you with each of the following attributes or aspects of your degree? Overall relationship with supervisor [numeric],Overall relationship with supervisor,Dual degree,Europe,0,Non-high-stress,15,2.1333333333333333,5
v079_num,Q27.f,How satisfied are you with each of the following attributes or aspects of your degree? Overall relationship with supervisor [numeric],Overall relationship with supervisor,Dual degree,Europe,1,High-stress,7,2.4285714285714284,5
v079_num,Q27.f,How satisfied are you with each of the following attributes or aspects of your degree? Overall relationship with supervisor [numeric],Overall relationship with supervisor,Dual degree,North/Central America,0,Non-high-stress,12,2.5,5
v079_num,Q27.f,How satisfied are you with each of the following attributes or aspects of your degree? Overall relationship with supervisor [numeric],Overall relationship with supervisor,Dual degree,North/Central America,1,High-stress,8,4.125,5
v079_num,Q27.f,How satisfied are you with each of the following attributes or aspects of your degree? Overall relationship with supervisor [numeric],Overall relationship with supervisor,Dual degree,South America,0,Non-high-stress,2,3.5,5
v079_num,Q27.f,How satisfied are you with each of the following attributes or aspects of your degree? Overall relationship with supervisor [numeric],Overall relationship with supervisor,Master's,Africa,0,Non-high-stress,38,2.9210526315789473,5
v079_num,Q27.f,How satisfied are you with each of the following attributes or aspects of your degree? Overall relationship with supervisor [numeric],Overall relationship with supervisor,Master's,Africa,1,High-stress,11,3.4545454545454546,5
v079_num,Q27.f,How satisfied are you with each of the following attributes or aspects of your degree? Overall relationship with supervisor [numeric],Overall relationship with supervisor,Master's,Asia,0,Non-high-stress,217,2.9631336405529956,5
v079_num,Q27.f,How satisfied are you with each of the following attributes or aspects of your degree? Overall relationship with supervisor [numeric],Overall relationship with supervisor,Master's,Asia,1,High-stress,91,3.6923076923076925,5
v079_num,Q27.f,How satisfied are you with each of the following attributes or aspects of your degree? Overall relationship with supervisor [numeric],Overall relationship with supervisor,Master's,Australasia,0,Non-high-stress,8,4.0,5
v079_num,Q27.f,How satisfied are you with each of the following attributes or aspects of your degree? Overall relationship with supervisor [numeric],Overall relationship with supervisor,Master's,Australasia,1,High-stress,2,3.0,5
v079_num,Q27.f,How satisfied are you with each of the following attributes or aspects of your degree? Overall relationship with supervisor [numeric],Overall relationship with supervisor,Master's,Europe,0,Non-high-stress,170,3.5941176470588236,5
v079_num,Q27.f,How satisfied are you with each of the following attributes or aspects of your degree? Overall relationship with supervisor [numeric],Overall relationship with supervisor,Master's,Europe,1,High-stress,59,3.6440677966101696,5
v079_num,Q27.f,How satisfied are you with each of the following attributes or aspects of your degree? Overall relationship with supervisor [numeric],Overall relationship with supervisor,Master's,North/Central America,0,Non-high-stress,88,2.8295454545454546,5
v079_num,Q27.f,How satisfied are you with each of the following attributes or aspects of your degree? Overall relationship with supervisor [numeric],Overall relationship with supervisor,Master's,North/Central America,1,High-stress,20,3.3,5
v079_num,Q27.f,How satisfied are you with each of the following attributes or aspects of your degree? Overall relationship with supervisor [numeric],Overall relationship with supervisor,Master's,South America,0,Non-high-stress,43,2.604651162790698,5
v079_num,Q27.f,How satisfied are you with each of the following attributes or aspects of your degree? Overall relationship with supervisor [numeric],Overall relationship with supervisor,Master's,South America,1,High-stress,9,2.3333333333333335,5
v080_num,Q27.g,How satisfied are you with each of the following attributes or aspects of your degree? Overall compensation and benefits [numeric],Overall compensation and benefits,Doctorate,Africa,0,Non-high-stress,45,4.022222222222222,6
v080_num,Q27.g,How satisfied are you with each of the following attributes or aspects of your degree? Overall compensation and benefits [numeric],Overall compensation and benefits,Doctorate,Africa,1,High-stress,11,2.3636363636363638,6
v080_num,Q27.g,How satisfied are you with each of the following attributes or aspects of your degree? Overall compensation and benefits [numeric],Overall compensation and benefits,Doctorate,Asia,0,Non-high-stress,260,4.203846153846154,6
v080_num,Q27.g,How satisfied are you with each of the following attributes or aspects of your degree? Overall compensation and benefits [numeric],Overall compensation and benefits,Doctorate,Asia,1,High-stress,217,3.207373271889401,6
v080_num,Q27.g,How satisfied are you with each of the following attributes or aspects of your degree? Overall compensation and benefits [numeric],Overall compensation and benefits,Doctorate,Australasia,0,Non-high-stress,75,3.7066666666666666,6
v080_num,Q27.g,How satisfied are you with each of the following attributes or aspects of your degree? Overall compensation and benefits [numeric],Overall compensation and benefits,Doctorate,Australasia,1,High-stress,36,2.9166666666666665,6
v080_num,Q27.g,How satisfied are you with each of the following attributes or aspects of your degree? Overall compensation and benefits [numeric],Overall compensation and benefits,Doctorate,Europe,0,Non-high-stress,527,4.265654648956357,6
v080_num,Q27.g,How satisfied are you with each of the following attributes or aspects of your degree? Overall compensation and benefits [numeric],Overall compensation and benefits,Doctorate,Europe,1,High-stress,368,3.157608695652174,6
v080_num,Q27.g,How satisfied are you with each of the following attributes or aspects of your degree? Overall compensation and benefits [numeric],Overall compensation and benefits,Doctorate,North/Central America,0,Non-high-stress,466,3.332618025751073,6
v080_num,Q27.g,How satisfied are you with each of the following attributes or aspects of your degree? Overall compensation and benefits [numeric],Overall compensation and benefits,Doctorate,North/Central America,1,High-stress,323,2.513931888544892,6
v080_num,Q27.g,How satisfied are you with each of the following attributes or aspects of your degree? Overall compensation and benefits [numeric],Overall compensation and benefits,Doctorate,South America,0,Non-high-stress,89,4.303370786516854,6
v080_num,Q27.g,How satisfied are you with each of the following attributes or aspects of your degree? Overall compensation and benefits [numeric],Overall compensation and benefits,Doctorate,South America,1,High-stress,30,3.533333333333333,6
v080_num,Q27.g,How satisfied are you with each of the following attributes or aspects of your degree? Overall compensation and benefits [numeric],Overall compensation and benefits,Dual degree,Asia,0,Non-high-stress,3,5.333333333333333,6
v080_num,Q27.g,How satisfied are you with each of the following attributes or aspects of your degree? Overall compensation and benefits [numeric],Overall compensation and benefits,Dual degree,Asia,1,High-stress,2,4.0,6
v080_num,Q27.g,How satisfied are you with each of the following attributes or aspects of your degree? Overall compensation and benefits [numeric],Overall compensation and benefits,Dual degree,Europe,0,Non-high-stress,15,4.666666666666667,6
v080_num,Q27.g,How satisfied are you with each of the following attributes or aspects of your degree? Overall compensation and benefits [numeric],Overall compensation and benefits,Dual degree,Europe,1,High-stress,7,3.0,6
v080_num,Q27.g,How satisfied are you with each of the following attributes or aspects of your degree? Overall compensation and benefits [numeric],Overall compensation and benefits,Dual degree,North/Central America,0,Non-high-stress,12,3.3333333333333335,6
v080_num,Q27.g,How satisfied are you with each of the following attributes or aspects of your degree? Overall compensation and benefits [numeric],Overall compensation and benefits,Dual degree,North/Central America,1,High-stress,8,2.625,6
v080_num,Q27.g,How satisfied are you with each of the following attributes or aspects of your degree? Overall compensation and benefits [numeric],Overall compensation and benefits,Dual degree,South America,0,Non-high-stress,2,6.0,6
v081_num,Q27.h,How satisfied are you with each of the following attributes or aspects of your degree? Vacation time [numeric],Vacation time,Doctorate,Africa,0,Non-high-stress,45,3.577777777777778,7
v081_num,Q27.h,How satisfied are you with each of the following attributes or aspects of your degree? Vacation time [numeric],Vacation time,Doctorate,Africa,1,High-stress,11,3.6363636363636362,7
v081_num,Q27.h,How satisfied are you with each of the following attributes or aspects of your degree? Vacation time [numeric],Vacation time,Doctorate,Asia,0,Non-high-stress,260,3.2576923076923077,7
v081_num,Q27.h,How satisfied are you with each of the following attributes or aspects of your degree? Vacation time [numeric],Vacation time,Doctorate,Asia,1,High-stress,217,4.188940092165899,7
v081_num,Q27.h,How satisfied are you with each of the following attributes or aspects of your degree? Vacation time [numeric],Vacation time,Doctorate,Australasia,0,Non-high-stress,75,3.3866666666666667,7
v081_num,Q27.h,How satisfied are you with each of the following attributes or aspects of your degree? Vacation time [numeric],Vacation time,Doctorate,Australasia,1,High-stress,36,4.388888888888889,7
v081_num,Q27.h,How satisfied are you with each of the following attributes or aspects of your degree? Vacation time [numeric],Vacation time,Doctorate,Europe,0,Non-high-stress,527,4.032258064516129,7
v081_num,Q27.h,How satisfied are you with each of the following attributes or aspects of your degree? Vacation time [numeric],Vacation time,Doctorate,Europe,1,High-stress,368,3.796195652173913,7
v081_num,Q27.h,How satisfied are you with each of the following attributes or aspects of your degree? Vacation time [numeric],Vacation time,Doctorate,North/Central America,0,Non-high-stress,466,3.718884120171674,7
v081_num,Q27.h,How satisfied are you with each of the following attributes or aspects of your degree? Vacation time [numeric],Vacation time,Doctorate,North/Central America,1,High-stress,323,3.708978328173375,7
v081_num,Q27.h,How satisfied are you with each of the following attributes or aspects of your degree? Vacation time [numeric],Vacation time,Doctorate,South America,0,Non-high-stress,89,4.067415730337078,7
v081_num,Q27.h,How satisfied are you with each of the following attributes or aspects of your degree? Vacation time [numeric],Vacation time,Doctorate,South America,1,High-stress,30,3.6,7
v081_num,Q27.h,How satisfied are you with each of the following attributes or aspects of your degree? Vacation time [numeric],Vacation time,Dual degree,Asia,0,Non-high-stress,3,6.0,7
v081_num,Q27.h,How satisfied are you with each of the following attributes or aspects of your degree? Vacation time [numeric],Vacation time,Dual degree,Asia,1,High-stress,2,6.0,7
v081_num,Q27.h,How satisfied are you with each of the following attributes or aspects of your degree? Vacation time [numeric],Vacation time,Dual degree,Europe,0,Non-high-stress,15,3.8666666666666667,7
v081_num,Q27.h,How satisfied are you with each of the following attributes or aspects of your degree? Vacation time [numeric],Vacation time,Dual degree,Europe,1,High-stress,7,4.571428571428571,7
v081_num,Q27.h,How satisfied are you with each of the following attributes or aspects of your degree? Vacation time [numeric],Vacation time,Dual degree,North/Central America,0,Non-high-stress,12,3.0833333333333335,7
v081_num,Q27.h,How satisfied are you with each of the following attributes or aspects of your degree? Vacation time [numeric],Vacation time,Dual degree,North/Central America,1,High-stress,8,3.875,7
v081_num,Q27.h,How satisfied are you with each of the following attributes or aspects of your degree? Vacation time [numeric],Vacation time,Dual degree,South America,0,Non-high-stress,2,3.0,7
v081_num,Q27.h,How satisfied are you with each of the following attributes or aspects of your degree? Vacation time [numeric],Vacation time,Master's,Africa,0,Non-high-stress,38,3.3157894736842106,7
v081_num,Q27.h,How satisfied are you with each of the following attributes or aspects of your degree? Vacation time [numeric],Vacation time,Master's,Africa,1,High-stress,11,4.454545454545454,7
v081_num,Q27.h,How satisfied are you with each of the following attributes or aspects of your degree? Vacation time [numeric],Vacation time,Master's,Asia,0,Non-high-stress,217,3.391705069124424,7
v081_num,Q27.h,How satisfied are you with each of the following attributes or aspects of your degree? Vacation time [numeric],Vacation time,Master's,Asia,1,High-stress,91,4.21978021978022,7
v081_num,Q27.h,How satisfied are you with each of the following attributes or aspects of your degree? Vacation time [numeric],Vacation time,Master's,Australasia,0,Non-high-stress,8,4.375,7
v081_num,Q27.h,How satisfied are you with each of the following attributes or aspects of your degree? Vacation time [numeric],Vacation time,Master's,Australasia,1,High-stress,2,2.5,7
v081_num,Q27.h,How satisfied are you with each of the following attributes or aspects of your degree? Vacation time [numeric],Vacation time,Master's,Europe,0,Non-high-stress,170,3.864705882352941,7
v081_num,Q27.h,How satisfied are you with each of the following attributes or aspects of your degree? Vacation time [numeric],Vacation time,Master's,Europe,1,High-stress,59,3.847457627118644,7
v081_num,Q27.h,How satisfied are you with each of the following attributes or aspects of your degree? Vacation time [numeric],Vacation time,Master's,North/Central America,0,Non-high-stress,88,3.875,7
v081_num,Q27.h,How satisfied are you with each of the following attributes or aspects of your degree? Vacation time [numeric],Vacation time,Master's,North/Central America,1,High-stress,20,4.15,7
v081_num,Q27.h,How satisfied are you with each of the following attributes or aspects of your degree? Vacation time [numeric],Vacation time,Master's,South America,0,Non-high-stress,43,3.9767441860465116,7
v081_num,Q27.h,How satisfied are you with each of the following attributes or aspects of your degree? Vacation time [numeric],Vacation time,Master's,South America,1,High-stress,9,4.333333333333333,7
v082_num,Q27.i,How satisfied are you with each of the following attributes or aspects of your degree? Guidance received from adviser in lab/research  [numeric],Guidance received from adviser in lab/research,Doctorate,Africa,0,Non-high-stress,45,3.7777777777777777,8
v082_num,Q27.i,How satisfied are you with each of the following attributes or aspects of your degree? Guidance received from adviser in lab/research  [numeric],Guidance received from adviser in lab/research,Doctorate,Africa,1,High-stress,11,3.8181818181818183,8
v082_num,Q27.i,How satisfied are you with each of the following attributes or aspects of your degree? Guidance received from adviser in lab/research  [numeric],Guidance received from adviser in lab/research,Doctorate,Asia,0,Non-high-stress,260,3.246153846153846,8
v082_num,Q27.i,How satisfied are you with each of the following attributes or aspects of your degree? Guidance received from adviser in lab/research  [numeric],Guidance received from adviser in lab/research,Doctorate,Asia,1,High-stress,217,4.382488479262673,8
v082_num,Q27.i,How satisfied are you with each of the following attributes or aspects of your degree? Guidance received from adviser in lab/research  [numeric],Guidance received from adviser in lab/research,Doctorate,Australasia,0,Non-high-stress,75,3.0533333333333332,8
v082_num,Q27.i,How satisfied are you with each of the following attributes or aspects of your degree? Guidance received from adviser in lab/research  [numeric],Guidance received from adviser in lab/research,Doctorate,Australasia,1,High-stress,36,3.5277777777777777,8
v082_num,Q27.i,How satisfied are you with each of the following attributes or aspects of your degree? Guidance received from adviser in lab/research  [numeric],Guidance received from adviser in lab/research,Doctorate,Europe,0,Non-high-stress,527,3.455407969639469,8
v082_num,Q27.i,How satisfied are you with each of the following attributes or aspects of your degree? Guidance received from adviser in lab/research  [numeric],Guidance received from adviser in lab/research,Doctorate,Europe,1,High-stress,368,4.288043478260869,8
v082_num,Q27.i,How satisfied are you with each of the following attributes or aspects of your degree? Guidance received from adviser in lab/research  [numeric],Guidance received from adviser in lab/research,Doctorate,North/Central America,0,Non-high-stress,466,3.225321888412017,8
v082_num,Q27.i,How satisfied are you with each of the following attributes or aspects of your degree? Guidance received from adviser in lab/research  [numeric],Guidance received from adviser in lab/research,Doctorate,North/Central America,1,High-stress,323,3.7678018575851393,8
v082_num,Q27.i,How satisfied are you with each of the following attributes or aspects of your degree? Guidance received from adviser in lab/research  [numeric],Guidance received from adviser in lab/research,Doctorate,South America,0,Non-high-stress,89,3.438202247191011,8
v082_num,Q27.i,How satisfied are you with each of the following attributes or aspects of your degree? Guidance received from adviser in lab/research  [numeric],Guidance received from adviser in lab/research,Doctorate,South America,1,High-stress,30,4.133333333333334,8
v082_num,Q27.i,How satisfied are you with each of the following attributes or aspects of your degree? Guidance received from adviser in lab/research  [numeric],Guidance received from adviser in lab/research,Dual degree,Asia,0,Non-high-stress,3,2.0,8
v082_num,Q27.i,How satisfied are you with each of the following attributes or aspects of your degree? Guidance received from adviser in lab/research  [numeric],Guidance received from adviser in lab/research,Dual degree,Asia,1,High-stress,2,6.0,8
v082_num,Q27.i,How satisfied are you with each of the following attributes or aspects of your degree? Guidance received from adviser in lab/research  [numeric],Guidance received from adviser in lab/research,Dual degree,Europe,0,Non-high-stress,15,2.7333333333333334,8
v082_num,Q27.i,How satisfied are you with each of the following attributes or aspects of your degree? Guidance received from adviser in lab/research  [numeric],Guidance received from adviser in lab/research,Dual degree,Europe,1,High-stress,7,3.142857142857143,8
v082_num,Q27.i,How satisfied are you with each of the following attributes or aspects of your degree? Guidance received from adviser in lab/research  [numeric],Guidance received from adviser in lab/research,Dual degree,North/Central America,0,Non-high-stress,12,3.5,8
v082_num,Q27.i,How satisfied are you with each of the following attributes or aspects of your degree? Guidance received from adviser in lab/research  [numeric],Guidance received from adviser in lab/research,Dual degree,North/Central America,1,High-stress,8,4.875,8
v082_num,Q27.i,How satisfied are you with each of the following attributes or aspects of your degree? Guidance received from adviser in lab/research  [numeric],Guidance received from adviser in lab/research,Dual degree,South America,0,Non-high-stress,2,2.0,8
v082_num,Q27.i,How satisfied are you with each of the following attributes or aspects of your degree? Guidance received from adviser in lab/research  [numeric],Guidance received from adviser in lab/research,Master's,Africa,0,Non-high-stress,38,3.1315789473684212,8
v082_num,Q27.i,How satisfied are you with each of the following attributes or aspects of your degree? Guidance received from adviser in lab/research  [numeric],Guidance received from adviser in lab/research,Master's,Africa,1,High-stress,11,3.6363636363636362,8
v082_num,Q27.i,How satisfied are you with each of the following attributes or aspects of your degree? Guidance received from adviser in lab/research  [numeric],Guidance received from adviser in lab/research,Master's,Asia,0,Non-high-stress,217,3.552995391705069,8
v082_num,Q27.i,How satisfied are you with each of the following attributes or aspects of your degree? Guidance received from adviser in lab/research  [numeric],Guidance received from adviser in lab/research,Master's,Asia,1,High-stress,91,4.0989010989010985,8
v082_num,Q27.i,How satisfied are you with each of the following attributes or aspects of your degree? Guidance received from adviser in lab/research  [numeric],Guidance received from adviser in lab/research,Master's,Australasia,0,Non-high-stress,8,4.25,8
v082_num,Q27.i,How satisfied are you with each of the following attributes or aspects of your degree? Guidance received from adviser in lab/research  [numeric],Guidance received from adviser in lab/research,Master's,Australasia,1,High-stress,2,4.5,8
v082_num,Q27.i,How satisfied are you with each of the following attributes or aspects of your degree? Guidance received from adviser in lab/research  [numeric],Guidance received from adviser in lab/research,Master's,Europe,0,Non-high-stress,170,3.911764705882353,8
v082_num,Q27.i,How satisfied are you with each of the following attributes or aspects of your degree? Guidance received from adviser in lab/research  [numeric],Guidance received from adviser in lab/research,Master's,Europe,1,High-stress,59,3.7457627118644066,8
v082_num,Q27.i,How satisfied are you with each of the following attributes or aspects of your degree? Guidance received from adviser in lab/research  [numeric],Guidance received from adviser in lab/research,Master's,North/Central America,0,Non-high-stress,88,3.352272727272727,8
v082_num,Q27.i,How satisfied are you with each of the following attributes or aspects of your degree? Guidance received from adviser in lab/research  [numeric],Guidance received from adviser in lab/research,Master's,North/Central America,1,High-stress,20,3.95,8
v082_num,Q27.i,How satisfied are you with each of the following attributes or aspects of your degree? Guidance received from adviser in lab/research  [numeric],Guidance received from adviser in lab/research,Master's,South America,0,Non-high-stress,43,3.7209302325581395,8
v082_num,Q27.i,How satisfied are you with each of the following attributes or aspects of your degree? Guidance received from adviser in lab/research  [numeric],Guidance received from adviser in lab/research,Master's,South America,1,High-stress,9,4.0,8
v083_num,Q27.j,How satisfied are you with each of the following attributes or aspects of your degree? Ability to attend meetings and conferences [numeric],Ability to attend meetings and conferences,Doctorate,Africa,0,Non-high-stress,45,3.911111111111111,9
v083_num,Q27.j,How satisfied are you with each of the following attributes or aspects of your degree? Ability to attend meetings and conferences [numeric],Ability to attend meetings and conferences,Doctorate,Africa,1,High-stress,11,4.090909090909091,9
v083_num,Q27.j,How satisfied are you with each of the following attributes or aspects of your degree? Ability to attend meetings and conferences [numeric],Ability to attend meetings and conferences,Doctorate,Asia,0,Non-high-stress,260,3.25,9
v083_num,Q27.j,How satisfied are you with each of the following attributes or aspects of your degree? Ability to attend meetings and conferences [numeric],Ability to attend meetings and conferences,Doctorate,Asia,1,High-stress,217,4.423963133640553,9
v083_num,Q27.j,How satisfied are you with each of the following attributes or aspects of your degree? Ability to attend meetings and conferences [numeric],Ability to attend meetings and conferences,Doctorate,Australasia,0,Non-high-stress,75,3.506666666666667,9
v083_num,Q27.j,How satisfied are you with each of the following attributes or aspects of your degree? Ability to attend meetings and conferences [numeric],Ability to attend meetings and conferences,Doctorate,Australasia,1,High-stress,36,3.611111111111111,9
v083_num,Q27.j,How satisfied are you with each of the following attributes or aspects of your degree? Ability to attend meetings and conferences [numeric],Ability to attend meetings and conferences,Doctorate,Europe,0,Non-high-stress,527,3.144212523719165,9
v083_num,Q27.j,How satisfied are you with each of the following attributes or aspects of your degree? Ability to attend meetings and conferences [numeric],Ability to attend meetings and conferences,Doctorate,Europe,1,High-stress,368,3.4375,9
v083_num,Q27.j,How satisfied are you with each of the following attributes or aspects of your degree? Ability to attend meetings and conferences [numeric],Ability to attend meetings and conferences,Doctorate,North/Central America,0,Non-high-stress,466,3.2339055793991416,9
v083_num,Q27.j,How satisfied are you with each of the following attributes or aspects of your degree? Ability to attend meetings and conferences [numeric],Ability to attend meetings and conferences,Doctorate,North/Central America,1,High-stress,323,3.6625386996904026,9
v083_num,Q27.j,How satisfied are you with each of the following attributes or aspects of your degree? Ability to attend meetings and conferences [numeric],Ability to attend meetings and conferences,Doctorate,South America,0,Non-high-stress,89,3.191011235955056,9
v083_num,Q27.j,How satisfied are you with each of the following attributes or aspects of your degree? Ability to attend meetings and conferences [numeric],Ability to attend meetings and conferences,Doctorate,South America,1,High-stress,30,3.7,9
v083_num,Q27.j,How satisfied are you with each of the following attributes or aspects of your degree? Ability to attend meetings and conferences [numeric],Ability to attend meetings and conferences,Dual degree,Asia,0,Non-high-stress,3,5.333333333333333,9
v083_num,Q27.j,How satisfied are you with each of the following attributes or aspects of your degree? Ability to attend meetings and conferences [numeric],Ability to attend meetings and conferences,Dual degree,Asia,1,High-stress,2,6.0,9
v083_num,Q27.j,How satisfied are you with each of the following attributes or aspects of your degree? Ability to attend meetings and conferences [numeric],Ability to attend meetings and conferences,Dual degree,Europe,0,Non-high-stress,15,2.6666666666666665,9
v083_num,Q27.j,How satisfied are you with each of the following attributes or aspects of your degree? Ability to attend meetings and conferences [numeric],Ability to attend meetings and conferences,Dual degree,Europe,1,High-stress,7,3.0,9
v083_num,Q27.j,How satisfied are you with each of the following attributes or aspects of your degree? Ability to attend meetings and conferences [numeric],Ability to attend meetings and conferences,Dual degree,North/Central America,0,Non-high-stress,12,3.5833333333333335,9
v083_num,Q27.j,How satisfied are you with each of the following attributes or aspects of your degree? Ability to attend meetings and conferences [numeric],Ability to attend meetings and conferences,Dual degree,North/Central America,1,High-stress,8,3.75,9
v083_num,Q27.j,How satisfied are you with each of the following attributes or aspects of your degree? Ability to attend meetings and conferences [numeric],Ability to attend meetings and conferences,Dual degree,South America,0,Non-high-stress,2,1.5,9
v083_num,Q27.j,How satisfied are you with each of the following attributes or aspects of your degree? Ability to attend meetings and conferences [numeric],Ability to attend meetings and conferences,Master's,Africa,0,Non-high-stress,38,4.184210526315789,9
v083_num,Q27.j,How satisfied are you with each of the following attributes or aspects of your degree? Ability to attend meetings and conferences [numeric],Ability to attend meetings and conferences,Master's,Africa,1,High-stress,11,4.181818181818182,9
v083_num,Q27.j,How satisfied are you with each of the following attributes or aspects of your degree? Ability to attend meetings and conferences [numeric],Ability to attend meetings and conferences,Master's,Asia,0,Non-high-stress,217,3.6129032258064515,9
v083_num,Q27.j,How satisfied are you with each of the following attributes or aspects of your degree? Ability to attend meetings and conferences [numeric],Ability to attend meetings and conferences,Master's,Asia,1,High-stress,91,4.43956043956044,9
v083_num,Q27.j,How satisfied are you with each of the following attributes or aspects of your degree? Ability to attend meetings and conferences [numeric],Ability to attend meetings and conferences,Master's,Australasia,0,Non-high-stress,8,3.75,9
v083_num,Q27.j,How satisfied are you with each of the following attributes or aspects of your degree? Ability to attend meetings and conferences [numeric],Ability to attend meetings and conferences,Master's,Australasia,1,High-stress,2,4.5,9
v083_num,Q27.j,How satisfied are you with each of the following attributes or aspects of your degree? Ability to attend meetings and conferences [numeric],Ability to attend meetings and conferences,Master's,Europe,0,Non-high-stress,170,3.4941176470588236,9
v083_num,Q27.j,How satisfied are you with each of the following attributes or aspects of your degree? Ability to attend meetings and conferences [numeric],Ability to attend meetings and conferences,Master's,Europe,1,High-stress,59,4.254237288135593,9
v083_num,Q27.j,How satisfied are you with each of the following attributes or aspects of your degree? Ability to attend meetings and conferences [numeric],Ability to attend meetings and conferences,Master's,North/Central America,0,Non-high-stress,88,3.715909090909091,9
v083_num,Q27.j,How satisfied are you with each of the following attributes or aspects of your degree? Ability to attend meetings and conferences [numeric],Ability to attend meetings and conferences,Master's,North/Central America,1,High-stress,20,4.0,9
v083_num,Q27.j,How satisfied are you with each of the following attributes or aspects of your degree? Ability to attend meetings and conferences [numeric],Ability to attend meetings and conferences,Master's,South America,0,Non-high-stress,43,2.8372093023255816,9
v083_num,Q27.j,How satisfied are you with each of the following attributes or aspects of your degree? Ability to attend meetings and conferences [numeric],Ability to attend meetings and conferences,Master's,South America,1,High-stress,9,3.4444444444444446,9
v084_num,Q27.k,How satisfied are you with each of the following attributes or aspects of your degree? Work-life balance [numeric],Work-life balance,Doctorate,Africa,0,Non-high-stress,45,3.888888888888889,10
v084_num,Q27.k,How satisfied are you with each of the following attributes or aspects of your degree? Work-life balance [numeric],Work-life balance,Doctorate,Africa,1,High-stress,11,3.272727272727273,10
v084_num,Q27.k,How satisfied are you with each of the following attributes or aspects of your degree? Work-life balance [numeric],Work-life balance,Doctorate,Asia,0,Non-high-stress,260,3.603846153846154,10
v084_num,Q27.k,How satisfied are you with each of the following attributes or aspects of your degree? Work-life balance [numeric],Work-life balance,Doctorate,Asia,1,High-stress,217,3.3410138248847927,10
v084_num,Q27.k,How satisfied are you with each of the following attributes or aspects of your degree? Work-life balance [numeric],Work-life balance,Doctorate,Australasia,0,Non-high-stress,75,3.8933333333333335,10
v084_num,Q27.k,How satisfied are you with each of the following attributes or aspects of your degree? Work-life balance [numeric],Work-life balance,Doctorate,Australasia,1,High-stress,36,2.7222222222222223,10
v084_num,Q27.k,How satisfied are you with each of the following attributes or aspects of your degree? Work-life balance [numeric],Work-life balance,Doctorate,Europe,0,Non-high-stress,527,3.4535104364326377,10
v084_num,Q27.k,How satisfied are you with each of the following attributes or aspects of your degree? Work-life balance [numeric],Work-life balance,Doctorate,Europe,1,High-stress,368,2.9592391304347827,10
v084_num,Q27.k,How satisfied are you with each of the following attributes or aspects of your degree? Work-life balance [numeric],Work-life balance,Doctorate,North/Central America,0,Non-high-stress,466,3.274678111587983,10
v084_num,Q27.k,How satisfied are you with each of the following attributes or aspects of your degree? Work-life balance [numeric],Work-life balance,Doctorate,North/Central America,1,High-stress,323,3.0897832817337463,10
v084_num,Q27.k,How satisfied are you with each of the following attributes or aspects of your degree? Work-life balance [numeric],Work-life balance,Doctorate,South America,0,Non-high-stress,89,3.348314606741573,10
v084_num,Q27.k,How satisfied are you with each of the following attributes or aspects of your degree? Work-life balance [numeric],Work-life balance,Doctorate,South America,1,High-stress,30,2.9,10
v084_num,Q27.k,How satisfied are you with each of the following attributes or aspects of your degree? Work-life balance [numeric],Work-life balance,Dual degree,Asia,0,Non-high-stress,3,6.333333333333333,10
v084_num,Q27.k,How satisfied are you with each of the following attributes or aspects of your degree? Work-life balance [numeric],Work-life balance,Dual degree,Asia,1,High-stress,2,2.5,10
v084_num,Q27.k,How satisfied are you with each of the following attributes or aspects of your degree? Work-life balance [numeric],Work-life balance,Dual degree,Europe,0,Non-high-stress,15,3.7333333333333334,10
v084_num,Q27.k,How satisfied are you with each of the following attributes or aspects of your degree? Work-life balance [numeric],Work-life balance,Dual degree,Europe,1,High-stress,7,2.4285714285714284,10
v084_num,Q27.k,How satisfied are you with each of the following attributes or aspects of your degree? Work-life balance [numeric],Work-life balance,Dual degree,North/Central America,0,Non-high-stress,12,4.166666666666667,10
v084_num,Q27.k,How satisfied are you with each of the following attributes or aspects of your degree? Work-life balance [numeric],Work-life balance,Dual degree,North/Central America,1,High-stress,8,2.375,10
v084_num,Q27.k,How satisfied are you with each of the following attributes or aspects of your degree? Work-life balance [numeric],Work-life balance,Dual degree,South America,0,Non-high-stress,2,3.0,10
v084_num,Q27.k,How satisfied are you with each of the following attributes or aspects of your degree? Work-life balance [numeric],Work-life balance,Master's,Africa,0,Non-high-stress,38,4.0,10
v084_num,Q27.k,How satisfied are you with each of the following attributes or aspects of your degree? Work-life balance [numeric],Work-life balance,Master's,Africa,1,High-stress,11,2.6363636363636362,10
v084_num,Q27.k,How satisfied are you with each of the following attributes or aspects of your degree? Work-life balance [numeric],Work-life balance,Master's,Asia,0,Non-high-stress,217,3.4700460829493087,10
v084_num,Q27.k,How satisfied are you with each of the following attributes or aspects of your degree? Work-life balance [numeric],Work-life balance,Master's,Asia,1,High-stress,91,2.8461538461538463,10
v084_num,Q27.k,How satisfied are you with each of the following attributes or aspects of your degree? Work-life balance [numeric],Work-life balance,Master's,Australasia,0,Non-high-stress,8,3.25,10
v084_num,Q27.k,How satisfied are you with each of the following attributes or aspects of your degree? Work-life balance [numeric],Work-life balance,Master's,Australasia,1,High-stress,2,4.5,10
v084_num,Q27.k,How satisfied are you with each of the following attributes or aspects of your degree? Work-life balance [numeric],Work-life balance,Master's,Europe,0,Non-high-stress,170,3.223529411764706,10
v084_num,Q27.k,How satisfied are you with each of the following attributes or aspects of your degree? Work-life balance [numeric],Work-life balance,Master's,Europe,1,High-stress,59,2.7288135593220337,10
v084_num,Q27.k,How satisfied are you with each of the following attributes or aspects of your degree? Work-life balance [numeric],Work-life balance,Master's,North/Central America,0,Non-high-stress,88,3.375,10
v084_num,Q27.k,How satisfied are you with each of the following attributes or aspects of your degree? Work-life balance [numeric],Work-life balance,Master's,North/Central America,1,High-stress,20,3.4,10
v084_num,Q27.k,How satisfied are you with each of the following attributes or aspects of your degree? Work-life balance [numeric],Work-life balance,Master's,South America,0,Non-high-stress,43,3.2093023255813953,10
v084_num,Q27.k,How satisfied are you with each of the following attributes or aspects of your degree? Work-life balance [numeric],Work-life balance,Master's,South America,1,High-stress,9,3.111111111111111,10
v085_num,Q27.l,How satisfied are you with each of the following attributes or aspects of your degree? Career pathway guidance and advice [numeric],Career pathway guidance and advice,Doctorate,Africa,0,Non-high-stress,45,4.066666666666666,11
v085_num,Q27.l,How satisfied are you with each of the following attributes or aspects of your degree? Career pathway guidance and advice [numeric],Career pathway guidance and advice,Doctorate,Africa,1,High-stress,11,2.8181818181818183,11
v085_num,Q27.l,How satisfied are you with each of the following attributes or aspects of your degree? Career pathway guidance and advice [numeric],Career pathway guidance and advice,Doctorate,Asia,0,Non-high-stress,260,3.4076923076923076,11
v085_num,Q27.l,How satisfied are you with each of the following attributes or aspects of your degree? Career pathway guidance and advice [numeric],Career pathway guidance and advice,Doctorate,Asia,1,High-stress,217,3.391705069124424,11
v085_num,Q27.l,How satisfied are you with each of the following attributes or aspects of your degree? Career pathway guidance and advice [numeric],Career pathway guidance and advice,Doctorate,Australasia,0,Non-high-stress,75,3.2266666666666666,11
v085_num,Q27.l,How satisfied are you with each of the following attributes or aspects of your degree? Career pathway guidance and advice [numeric],Career pathway guidance and advice,Doctorate,Australasia,1,High-stress,36,2.888888888888889,11
v085_num,Q27.l,How satisfied are you with each of the following attributes or aspects of your degree? Career pathway guidance and advice [numeric],Career pathway guidance and advice,Doctorate,Europe,0,Non-high-stress,527,3.332068311195446,11
v085_num,Q27.l,How satisfied are you with each of the following attributes or aspects of your degree? Career pathway guidance and advice [numeric],Career pathway guidance and advice,Doctorate,Europe,1,High-stress,368,3.505434782608696,11
v085_num,Q27.l,How satisfied are you with each of the following attributes or aspects of your degree? Career pathway guidance and advice [numeric],Career pathway guidance and advice,Doctorate,North/Central America,0,Non-high-stress,466,3.2381974248927037,11
v085_num,Q27.l,How satisfied are you with each of the following attributes or aspects of your degree? Career pathway guidance and advice [numeric],Career pathway guidance and advice,Doctorate,North/Central America,1,High-stress,323,3.374613003095975,11
v085_num,Q27.l,How satisfied are you with each of the following attributes or aspects of your degree? Career pathway guidance and advice [numeric],Career pathway guidance and advice,Doctorate,South America,0,Non-high-stress,89,4.51685393258427,11
v085_num,Q27.l,How satisfied are you with each of the following attributes or aspects of your degree? Career pathway guidance and advice [numeric],Career pathway guidance and advice,Doctorate,South America,1,High-stress,30,3.3,11
v085_num,Q27.l,How satisfied are you with each of the following attributes or aspects of your degree? Career pathway guidance and advice [numeric],Career pathway guidance and advice,Dual degree,Asia,0,Non-high-stress,3,6.333333333333333,11
v085_num,Q27.l,How satisfied are you with each of the following attributes or aspects of your degree? Career pathway guidance and advice [numeric],Career pathway guidance and advice,Dual degree,Asia,1,High-stress,2,1.5,11
v085_num,Q27.l,How satisfied are you with each of the following attributes or aspects of your degree? Career pathway guidance and advice [numeric],Career pathway guidance and advice,Dual degree,Europe,0,Non-high-stress,15,4.733333333333333,11
v085_num,Q27.l,How satisfied are you with each of the following attributes or aspects of your degree? Career pathway guidance and advice [numeric],Career pathway guidance and advice,Dual degree,Europe,1,High-stress,7,3.5714285714285716,11
v085_num,Q27.l,How satisfied are you with each of the following attributes or aspects of your degree? Career pathway guidance and advice [numeric],Career pathway guidance and advice,Dual degree,North/Central America,0,Non-high-stress,12,3.6666666666666665,11
v085_num,Q27.l,How satisfied are you with each of the following attributes or aspects of your degree? Career pathway guidance and advice [numeric],Career pathway guidance and advice,Dual degree,North/Central America,1,High-stress,8,2.125,11
v085_num,Q27.l,How satisfied are you with each of the following attributes or aspects of your degree? Career pathway guidance and advice [numeric],Career pathway guidance and advice,Dual degree,South America,0,Non-high-stress,2,2.5,11
v085_num,Q27.l,How satisfied are you with each of the following attributes or aspects of your degree? Career pathway guidance and advice [numeric],Career pathway guidance and advice,Master's,Africa,0,Non-high-stress,38,3.526315789473684,11
v085_num,Q27.l,How satisfied are you with each of the following attributes or aspects of your degree? Career pathway guidance and advice [numeric],Career pathway guidance and advice,Master's,Africa,1,High-stress,11,3.8181818181818183,11
v085_num,Q27.l,How satisfied are you with each of the following attributes or aspects of your degree? Career pathway guidance and advice [numeric],Career pathway guidance and advice,Master's,Asia,0,Non-high-stress,217,3.2534562211981566,11
v085_num,Q27.l,How satisfied are you with each of the following attributes or aspects of your degree? Career pathway guidance and advice [numeric],Career pathway guidance and advice,Master's,Asia,1,High-stress,91,2.967032967032967,11
v085_num,Q27.l,How satisfied are you with each of the following attributes or aspects of your degree? Career pathway guidance and advice [numeric],Career pathway guidance and advice,Master's,Australasia,0,Non-high-stress,8,3.0,11
v085_num,Q27.l,How satisfied are you with each of the following attributes or aspects of your degree? Career pathway guidance and advice [numeric],Career pathway guidance and advice,Master's,Australasia,1,High-stress,2,4.5,11
v085_num,Q27.l,How satisfied are you with each of the following attributes or aspects of your degree? Career pathway guidance and advice [numeric],Career pathway guidance and advice,Master's,Europe,0,Non-high-stress,170,3.4411764705882355,11
v085_num,Q27.l,How satisfied are you with each of the following attributes or aspects of your degree? Career pathway guidance and advice [numeric],Career pathway guidance and advice,Master's,Europe,1,High-stress,59,3.4915254237288136,11
v085_num,Q27.l,How satisfied are you with each of the following attributes or aspects of your degree? Career pathway guidance and advice [numeric],Career pathway guidance and advice,Master's,North/Central America,0,Non-high-stress,88,3.9545454545454546,11
v085_num,Q27.l,How satisfied are you with each of the following attributes or aspects of your degree? Career pathway guidance and advice [numeric],Career pathway guidance and advice,Master's,North/Central America,1,High-stress,20,3.25,11
v085_num,Q27.l,How satisfied are you with each of the following attributes or aspects of your degree? Career pathway guidance and advice [numeric],Career pathway guidance and advice,Master's,South America,0,Non-high-stress,43,3.86046511627907,11
v085_num,Q27.l,How satisfied are you with each of the following attributes or aspects of your degree? Career pathway guidance and advice [numeric],Career pathway guidance and advice,Master's,South America,1,High-stress,9,4.111111111111111,11
v086_num,Q27.m,How satisfied are you with each of the following attributes or aspects of your degree? Quality of teaching [numeric],Quality of teaching,Doctorate,Africa,0,Non-high-stress,45,3.6444444444444444,12
v086_num,Q27.m,How satisfied are you with each of the following attributes or aspects of your degree? Quality of teaching [numeric],Quality of teaching,Doctorate,Africa,1,High-stress,11,2.4545454545454546,12
v086_num,Q27.m,How satisfied are you with each of the following attributes or aspects of your degree? Quality of teaching [numeric],Quality of teaching,Doctorate,Asia,0,Non-high-stress,260,3.2884615384615383,12
v086_num,Q27.m,How satisfied are you with each of the following attributes or aspects of your degree? Quality of teaching [numeric],Quality of teaching,Doctorate,Asia,1,High-stress,217,4.119815668202765,12
v086_num,Q27.m,How satisfied are you with each of the following attributes or aspects of your degree? Quality of teaching [numeric],Quality of teaching,Doctorate,Australasia,0,Non-high-stress,75,3.7733333333333334,12
v086_num,Q27.m,How satisfied are you with each of the following attributes or aspects of your degree? Quality of teaching [numeric],Quality of teaching,Doctorate,Australasia,1,High-stress,36,3.5,12
v086_num,Q27.m,How satisfied are you with each of the following attributes or aspects of your degree? Quality of teaching [numeric],Quality of teaching,Doctorate,Europe,0,Non-high-stress,527,3.7267552182163186,12
v086_num,Q27.m,How satisfied are you with each of the following attributes or aspects of your degree? Quality of teaching [numeric],Quality of teaching,Doctorate,Europe,1,High-stress,368,4.086956521739131,12
v086_num,Q27.m,How satisfied are you with each of the following attributes or aspects of your degree? Quality of teaching [numeric],Quality of teaching,Doctorate,North/Central America,0,Non-high-stress,466,3.4570815450643777,12
v086_num,Q27.m,How satisfied are you with each of the following attributes or aspects of your degree? Quality of teaching [numeric],Quality of teaching,Doctorate,North/Central America,1,High-stress,323,3.6996904024767803,12
v086_num,Q27.m,How satisfied are you with each of the following attributes or aspects of your degree? Quality of teaching [numeric],Quality of teaching,Doctorate,South America,0,Non-high-stress,89,3.9213483146067416,12
v086_num,Q27.m,How satisfied are you with each of the following attributes or aspects of your degree? Quality of teaching [numeric],Quality of teaching,Doctorate,South America,1,High-stress,30,4.1,12
v086_num,Q27.m,How satisfied are you with each of the following attributes or aspects of your degree? Quality of teaching [numeric],Quality of teaching,Dual degree,Asia,0,Non-high-stress,3,4.333333333333333,12
v086_num,Q27.m,How satisfied are you with each of the following attributes or aspects of your degree? Quality of teaching [numeric],Quality of teaching,Dual degree,Asia,1,High-stress,2,2.5,12
v086_num,Q27.m,How satisfied are you with each of the following attributes or aspects of your degree? Quality of teaching [numeric],Quality of teaching,Dual degree,Europe,0,Non-high-stress,15,3.933333333333333,12
v086_num,Q27.m,How satisfied are you with each of the following attributes or aspects of your degree? Quality of teaching [numeric],Quality of teaching,Dual degree,Europe,1,High-stress,7,5.0,12
v086_num,Q27.m,How satisfied are you with each of the following attributes or aspects of your degree? Quality of teaching [numeric],Quality of teaching,Dual degree,North/Central America,0,Non-high-stress,12,3.25,12
v086_num,Q27.m,How satisfied are you with each of the following attributes or aspects of your degree? Quality of teaching [numeric],Quality of teaching,Dual degree,North/Central America,1,High-stress,8,3.375,12
v086_num,Q27.m,How satisfied are you with each of the following attributes or aspects of your degree? Quality of teaching [numeric],Quality of teaching,Dual degree,South America,0,Non-high-stress,2,2.5,12
v086_num,Q27.m,How satisfied are you with each of the following attributes or aspects of your degree? Quality of teaching [numeric],Quality of teaching,Master's,Africa,0,Non-high-stress,38,3.5526315789473686,12
v086_num,Q27.m,How satisfied are you with each of the following attributes or aspects of your degree? Quality of teaching [numeric],Quality of teaching,Master's,Africa,1,High-stress,11,4.181818181818182,12
v086_num,Q27.m,How satisfied are you with each of the following attributes or aspects of your degree? Quality of teaching [numeric],Quality of teaching,Master's,Asia,0,Non-high-stress,217,3.6451612903225805,12
v086_num,Q27.m,How satisfied are you with each of the following attributes or aspects of your degree? Quality of teaching [numeric],Quality of teaching,Master's,Asia,1,High-stress,91,3.7362637362637363,12
v086_num,Q27.m,How satisfied are you with each of the following attributes or aspects of your degree? Quality of teaching [numeric],Quality of teaching,Master's,Australasia,0,Non-high-stress,8,2.875,12
v086_num,Q27.m,How satisfied are you with each of the following attributes or aspects of your degree? Quality of teaching [numeric],Quality of teaching,Master's,Australasia,1,High-stress,2,5.5,12
v086_num,Q27.m,How satisfied are you with each of the following attributes or aspects of your degree? Quality of teaching [numeric],Quality of teaching,Master's,Europe,0,Non-high-stress,170,3.3705882352941177,12
v086_num,Q27.m,How satisfied are you with each of the following attributes or aspects of your degree? Quality of teaching [numeric],Quality of teaching,Master's,Europe,1,High-stress,59,3.440677966101695,12
v086_num,Q27.m,How satisfied are you with each of the following attributes or aspects of your degree? Quality of teaching [numeric],Quality of teaching,Master's,North/Central America,0,Non-high-stress,88,3.215909090909091,12
v086_num,Q27.m,How satisfied are you with each of the following attributes or aspects of your degree? Quality of teaching [numeric],Quality of teaching,Master's,North/Central America,1,High-stress,20,3.4,12
v086_num,Q27.m,How satisfied are you with each of the following attributes or aspects of your degree? Quality of teaching [numeric],Quality of teaching,Master's,South America,0,Non-high-stress,43,4.162790697674419,12
v086_num,Q27.m,How satisfied are you with each of the following attributes or aspects of your degree? Quality of teaching [numeric],Quality of teaching,Master's,South America,1,High-stress,9,4.111111111111111,12
v087_num,Q27.n,How satisfied are you with each of the following attributes or aspects of your degree? Balance of teaching and practical elements [numeric],Balance of teaching and practical elements,Doctorate,Africa,0,Non-high-stress,45,3.3333333333333335,13
v087_num,Q27.n,How satisfied are you with each of the following attributes or aspects of your degree? Balance of teaching and practical elements [numeric],Balance of teaching and practical elements,Doctorate,Africa,1,High-stress,11,3.8181818181818183,13
v087_num,Q27.n,How satisfied are you with each of the following attributes or aspects of your degree? Balance of teaching and practical elements [numeric],Balance of teaching and practical elements,Doctorate,Asia,0,Non-high-stress,260,3.296153846153846,13
v087_num,Q27.n,How satisfied are you with each of the following attributes or aspects of your degree? Balance of teaching and practical elements [numeric],Balance of teaching and practical elements,Doctorate,Asia,1,High-stress,217,4.313364055299539,13
v087_num,Q27.n,How satisfied are you with each of the following attributes or aspects of your degree? Balance of teaching and practical elements [numeric],Balance of teaching and practical elements,Doctorate,Australasia,0,Non-high-stress,75,3.4,13
v087_num,Q27.n,How satisfied are you with each of the following attributes or aspects of your degree? Balance of teaching and practical elements [numeric],Balance of teaching and practical elements,Doctorate,Australasia,1,High-stress,36,3.861111111111111,13
v087_num,Q27.n,How satisfied are you with each of the following attributes or aspects of your degree? Balance of teaching and practical elements [numeric],Balance of teaching and practical elements,Doctorate,Europe,0,Non-high-stress,527,3.49146110056926,13
v087_num,Q27.n,How satisfied are you with each of the following attributes or aspects of your degree? Balance of teaching and practical elements [numeric],Balance of teaching and practical elements,Doctorate,Europe,1,High-stress,368,3.7880434782608696,13
v087_num,Q27.n,How satisfied are you with each of the following attributes or aspects of your degree? Balance of teaching and practical elements [numeric],Balance of teaching and practical elements,Doctorate,North/Central America,0,Non-high-stress,466,3.2167381974248928,13
v087_num,Q27.n,How satisfied are you with each of the following attributes or aspects of your degree? Balance of teaching and practical elements [numeric],Balance of teaching and practical elements,Doctorate,North/Central America,1,High-stress,323,3.588235294117647,13
v087_num,Q27.n,How satisfied are you with each of the following attributes or aspects of your degree? Balance of teaching and practical elements [numeric],Balance of teaching and practical elements,Doctorate,South America,0,Non-high-stress,89,3.797752808988764,13
v087_num,Q27.n,How satisfied are you with each of the following attributes or aspects of your degree? Balance of teaching and practical elements [numeric],Balance of teaching and practical elements,Doctorate,South America,1,High-stress,30,4.533333333333333,13
v087_num,Q27.n,How satisfied are you with each of the following attributes or aspects of your degree? Balance of teaching and practical elements [numeric],Balance of teaching and practical elements,Dual degree,Asia,0,Non-high-stress,3,5.0,13
v087_num,Q27.n,How satisfied are you with each of the following attributes or aspects of your degree? Balance of teaching and practical elements [numeric],Balance of teaching and practical elements,Dual degree,Asia,1,High-stress,2,3.5,13
v087_num,Q27.n,How satisfied are you with each of the following attributes or aspects of your degree? Balance of teaching and practical elements [numeric],Balance of teaching and practical elements,Dual degree,Europe,0,Non-high-stress,15,4.066666666666666,13
v087_num,Q27.n,How satisfied are you with each of the following attributes or aspects of your degree? Balance of teaching and practical elements [numeric],Balance of teaching and practical elements,Dual degree,Europe,1,High-stress,7,3.7142857142857144,13
v087_num,Q27.n,How satisfied are you with each of the following attributes or aspects of your degree? Balance of teaching and practical elements [numeric],Balance of teaching and practical elements,Dual degree,North/Central America,0,Non-high-stress,12,3.0833333333333335,13
v087_num,Q27.n,How satisfied are you with each of the following attributes or aspects of your degree? Balance of teaching and practical elements [numeric],Balance of teaching and practical elements,Dual degree,North/Central America,1,High-stress,8,3.125,13
v087_num,Q27.n,How satisfied are you with each of the following attributes or aspects of your degree? Balance of teaching and practical elements [numeric],Balance of teaching and practical elements,Dual degree,South America,0,Non-high-stress,2,3.5,13
v087_num,Q27.n,How satisfied are you with each of the following attributes or aspects of your degree? Balance of teaching and practical elements [numeric],Balance of teaching and practical elements,Master's,Africa,0,Non-high-stress,38,4.0,13
v087_num,Q27.n,How satisfied are you with each of the following attributes or aspects of your degree? Balance of teaching and practical elements [numeric],Balance of teaching and practical elements,Master's,Africa,1,High-stress,11,4.636363636363637,13
v087_num,Q27.n,How satisfied are you with each of the following attributes or aspects of your degree? Balance of teaching and practical elements [numeric],Balance of teaching and practical elements,Master's,Asia,0,Non-high-stress,217,3.0921658986175116,13
v087_num,Q27.n,How satisfied are you with each of the following attributes or aspects of your degree? Balance of teaching and practical elements [numeric],Balance of teaching and practical elements,Master's,Asia,1,High-stress,91,3.912087912087912,13
v087_num,Q27.n,How satisfied are you with each of the following attributes or aspects of your degree? Balance of teaching and practical elements [numeric],Balance of teaching and practical elements,Master's,Australasia,0,Non-high-stress,8,3.625,13
v087_num,Q27.n,How satisfied are you with each of the following attributes or aspects of your degree? Balance of teaching and practical elements [numeric],Balance of teaching and practical elements,Master's,Australasia,1,High-stress,2,5.0,13
v087_num,Q27.n,How satisfied are you with each of the following attributes or aspects of your degree? Balance of teaching and practical elements [numeric],Balance of teaching and practical elements,Master's,Europe,0,Non-high-stress,170,3.8117647058823527,13
v087_num,Q27.n,How satisfied are you with each of the following attributes or aspects of your degree? Balance of teaching and practical elements [numeric],Balance of teaching and practical elements,Master's,Europe,1,High-stress,59,4.169491525423729,13
v087_num,Q27.n,How satisfied are you with each of the following attributes or aspects of your degree? Balance of teaching and practical elements [numeric],Balance of teaching and practical elements,Master's,North/Central America,0,Non-high-stress,88,3.3863636363636362,13
v087_num,Q27.n,How satisfied are you with each of the following attributes or aspects of your degree? Balance of teaching and practical elements [numeric],Balance of teaching and practical elements,Master's,North/Central America,1,High-stress,20,4.1,13
v087_num,Q27.n,How satisfied are you with each of the following attributes or aspects of your degree? Balance of teaching and practical elements [numeric],Balance of teaching and practical elements,Master's,South America,0,Non-high-stress,43,3.0,13
v087_num,Q27.n,How satisfied are you with each of the following attributes or aspects of your degree? Balance of teaching and practical elements [numeric],Balance of teaching and practical elements,Master's,South America,1,High-stress,9,3.3333333333333335,13
